first_name,last_name,username,password
Amit,Patel,amit.patel,1BC17Dr@T&O!
Sanjay,Patel,sanjay.patel,S_X_ihBmv7tb
Anjali,Sharma,anjali.sharma,)WFFc7Nt2t7L
Rajesh,Verma,rajesh.verma,D+lH2LDtdd5o
Anjali,Gupta,anjali.gupta,5pnrFhxk+ci*
Sanjay,Singh,sanjay.singh,vw#3R&wu&A5w
Amit,Reddy,amit.reddy,16_A951N^hZu
Sunita,Verma,sunita.verma,)RSt2uckh3DQ
Sanjay,Reddy,sanjay.reddy,$R+%Dy3&7h6D
Amit,Nair,amit.nair,2&9SFXSw+Rh!
Rajesh,Singh,rajesh.singh,_4I5gueH4Gja
Anjali,Mehta,anjali.mehta,%8iz5w!3^x4N
Sunita,Chopra,sunita.chopra,qTvEUYik#(4l
Sunita,Patel,sunita.patel,vez)rY!O6CZ_
Sanjay,Nair,sanjay.nair,&k6dn#Sm!7nK
Rajesh,Mehta,rajesh.mehta,fg@)IyWYj(w3
Sanjay,Chopra,sanjay.chopra,MDFAfSRW^^3_
Rahul,Mehta,rahul.mehta,&lh*HwRn4XOB
Rahul,Reddy,rahul.reddy,%Nc8aij(!74Z
Amit,Mehta,amit.mehta,%)BN2&MmLi85
Deepak,Singh,deepak.singh,$!5h@pg4x&UR
Kavita,Iyer,kavita.iyer,jsBUNlgf#d4h
Anjali,Patel,anjali.patel,*6*4X)pkTM2K
Kavita,Chopra,kavita.chopra,n0%3TP6W^iEH
Deepak,Singh,deepak.singh,2gDqm5jq#uy(
Kavita,Verma,kavita.verma,$lAR8Hs!Z4*F
Rahul,Nair,rahul.nair,SP_0@Uj0s#2I
Rajesh,Reddy,rajesh.reddy,md*e7iZmH@G9
Sunita,Singh,sunita.singh,9Gi(oIeqS&2J
Amit,Nair,amit.nair,waOx&!CiH^0+
Amit,Iyer,amit.iyer,K&f)0CjKciEe
Priya,Chopra,priya.chopra,(I4zBbboV6YX
Sunita,Iyer,sunita.iyer,Pgl#lDlgQ+3J
Priya,Patel,priya.patel,T(_S8J0q^5Lp
Kavita,Verma,kavita.verma,1WCz8QEPve@z
Rahul,Iyer,rahul.iyer,4D&N+mvF()*K
Amit,Nair,amit.nair,&v2lU6igf3Y1
Kavita,Chopra,kavita.chopra,)0dPDi6UjbD(
Kavita,Sharma,kavita.sharma,#iNpzuj^a5NC
Anjali,Patel,anjali.patel,@nA&gCRt4IaK
Anjali,Patel,anjali.patel,C_R9E#1o*mx8
Sanjay,Gupta,sanjay.gupta,e!XL2sFUUfGg
Rahul,Gupta,rahul.gupta,6q%Y2B@)&oGn
Anjali,Verma,anjali.verma,aY09GyH^@l3%
Sanjay,Singh,sanjay.singh,J32oceJYD^Wu
Anjali,Singh,anjali.singh,O+7_CJYn#(8^
Rahul,Patel,rahul.patel,3+8AUPUcCr^M
Sunita,Patel,sunita.patel,(i(UWd%i&@u7
Sunita,Verma,sunita.verma,M4ZiEge1)HMf
Anjali,Iyer,anjali.iyer,ojlcHXIr1g&8
Rohit,Iyer,rohit.iyer,_V1YzMytJ2CH
Priya,Verma,priya.verma,bYPtx@91*7P&
Kavita,Gupta,kavita.gupta,oAC_Nyyt+7E9
Rohit,Iyer,rohit.iyer,@(sEUOyw6RI7
Deepak,Gupta,deepak.gupta,Eix58yKg&5m9
Deepak,Nair,deepak.nair,uCRWn8a^)2rU
Rahul,Iyer,rahul.iyer,%^88YNh0vQx_
Rahul,Patel,rahul.patel,^KJ@JmtmY47O
Sunita,Nair,sunita.nair,xu&(Ldhkrr&1
Rajesh,Iyer,rajesh.iyer,(1Be#cvwoJVL
Deepak,Verma,deepak.verma,yj^2CrFq9&&m
Deepak,Singh,deepak.singh,)qX6vz#Vso4j
Anjali,Gupta,anjali.gupta,yDh0SgMs#x(F
Sanjay,Verma,sanjay.verma,P#5GVIWa80(5
Anjali,Iyer,anjali.iyer,k!(&mJb_mqG8
Rahul,Verma,rahul.verma,_iVc_$Nfe8tw
Amit,Chopra,amit.chopra,R*F*6ZCw!M*z
Deepak,Singh,deepak.singh,%%GkrSpD9Ea7
Amit,Chopra,amit.chopra,cDUv0!En$2TK
Kavita,Iyer,kavita.iyer,2R5M_kP@K#NB
Kavita,Verma,kavita.verma,B71OPJjaV+l(
Amit,Mehta,amit.mehta,)WBiwwbR3qID
Deepak,Iyer,deepak.iyer,(3HRStUstl@h
Kavita,Singh,kavita.singh,yHwFBBPp#2dp
Amit,Singh,amit.singh,_k2Z+&8t@1nZ
Rajesh,Patel,rajesh.patel,!lZJVN%&@4Db
Rajesh,Iyer,rajesh.iyer,OY0Ek5Nz%^vI
Kavita,Reddy,kavita.reddy,f3CVKRyU)kvt
Anjali,Nair,anjali.nair,&vtA&zJkl(@5
Rahul,Chopra,rahul.chopra,)s33#e8f_e5I
Rohit,Patel,rohit.patel,cVg748RfXXP!
Amit,Verma,amit.verma,Hk@NwbpL*0US
Deepak,Nair,deepak.nair,19msjb1p(9HR
Priya,Mehta,priya.mehta,$Be9ovCrQC_z
Sunita,Singh,sunita.singh,%8TrBaD3znJ%
Anjali,Sharma,anjali.sharma,7bpGC_TL&3OB
Kavita,Reddy,kavita.reddy,hH&4NGWm!C&3
Rahul,Iyer,rahul.iyer,67&9VTkV+hZZ
Anjali,Nair,anjali.nair,_3OWoMU+q4Y2
Deepak,Sharma,deepak.sharma,(6iK2(gIQvWc
Rohit,Gupta,rohit.gupta,Vg8@Y9k8gv$s
Anjali,Sharma,anjali.sharma,qC5IpwubX_ng
Rahul,Reddy,rahul.reddy,47skiS+o)3EF
Amit,Singh,amit.singh,%wIhGw3+#X8j
Deepak,Verma,deepak.verma,8(YUum)+ui1X
Anjali,Sharma,anjali.sharma,U$x$7MIs_sJ2
Rohit,Mehta,rohit.mehta,BmqF7Ud3KJ!@
Rajesh,Reddy,rajesh.reddy,^YT3iBlz&Ok3
Sanjay,Verma,sanjay.verma,%NvV1gg86I*o
Rohit,Mehta,rohit.mehta,^QVTgu1Ho8H*
Sunita,Chopra,sunita.chopra,Xx$AwXNIF&7e
Priya,Gupta,priya.gupta,62A9b1*5%vO2
Rahul,Gupta,rahul.gupta,piP#+@z&Dl5N
Deepak,Chopra,deepak.chopra,L+u35Jt1Dy@W
Rohit,Chopra,rohit.chopra,(4NNOw+rc(9@
Anjali,Mehta,anjali.mehta,$lG#&mx6C6IV
Sanjay,Verma,sanjay.verma,n)07&l8nVhW7
Priya,Patel,priya.patel,(nX0t9AdkPp0
Rahul,Nair,rahul.nair,2gUvwK$M%7F%
Deepak,Gupta,deepak.gupta,@KXj^g(G4vUn
Rajesh,Chopra,rajesh.chopra,*T1rVzvG(+$^
Anjali,Gupta,anjali.gupta,_Za9D+v#$L1q
Sanjay,Reddy,sanjay.reddy,$8gRScqA10IV
Deepak,Chopra,deepak.chopra,$DZjtsiaS147
Rajesh,Iyer,rajesh.iyer,zaay3ZNNI)6U
Priya,Reddy,priya.reddy,d5&uknaB+gVp
Rahul,Gupta,rahul.gupta,LN33_lGJ&xWv
Deepak,Singh,deepak.singh,%9OZwsW5$Uye
Amit,Iyer,amit.iyer,vT1PryrY$G#9
Kavita,Iyer,kavita.iyer,Oz22qEVyN_CD
Rajesh,Singh,rajesh.singh,$5U*Ij+bbb1n
Rajesh,Gupta,rajesh.gupta,7Eh6Ue5gp$(G
Sunita,Gupta,sunita.gupta,&I&P8yfzN2R0
Rahul,Gupta,rahul.gupta,@MPzGYktTc5#
Rohit,Verma,rohit.verma,noGDNjZ%!O4A
Rohit,Gupta,rohit.gupta,RkU^Wte!9t98
Sunita,Singh,sunita.singh,lj0CZNp#e&3m
Sunita,Reddy,sunita.reddy,v!QwO_R*&9!g
Rahul,Iyer,rahul.iyer,&wQjo@aP4Zcy
Rahul,Mehta,rahul.mehta,3^E1dvP4^HiO
Deepak,Patel,deepak.patel,+27ywNC)b@2Y
Sunita,Gupta,sunita.gupta,p^#^9WBbUv8a
Priya,Reddy,priya.reddy,f_D0DH0s&IOe
Kavita,Nair,kavita.nair,!MGqIQrO51E2
Sunita,Nair,sunita.nair,#+02p067o5Oy
Deepak,Singh,deepak.singh,a9vj!^ZUf1C$
Kavita,Nair,kavita.nair,R3t5FFjd9(1G
Rajesh,Singh,rajesh.singh,(2fBhd)6)(Ek
Amit,Iyer,amit.iyer,D8qIv&7$$4B8
Deepak,Mehta,deepak.mehta,)qK6k@t1P5AF
Priya,Singh,priya.singh,#*2hHuSyJLmX
Anjali,Gupta,anjali.gupta,*^rS6E#mM2tX
Kavita,Nair,kavita.nair,$6nDe4ekykN^
Rahul,Patel,rahul.patel,@k8ysof(b8Ab
Sunita,Patel,sunita.patel,a&3sBls3Kgd#
Deepak,Patel,deepak.patel,v%)w30vx*CuX
Sunita,Sharma,sunita.sharma,C!YB9Ru@Zn(V
Deepak,Verma,deepak.verma,Zi%VtKdOd$6k
Amit,Sharma,amit.sharma,Z4CGh_V7^03M
Priya,Chopra,priya.chopra,*GlyIwpsh@54
Deepak,Sharma,deepak.sharma,KS0+Cpye!W8J
Sunita,Singh,sunita.singh,D7@PRY%i%J!Z
Rajesh,Mehta,rajesh.mehta,Pa0Mfwn$(tq(
Deepak,Nair,deepak.nair,p(74Y@Sm71jA
Rahul,Iyer,rahul.iyer,F9HB4VbP#snx
Sanjay,Gupta,sanjay.gupta,xkci_u2t!c0H
Sunita,Nair,sunita.nair,&54b5eEx)gNQ
Amit,Iyer,amit.iyer,$v$eC6iiJ3w3
Priya,Sharma,priya.sharma,+^8pYxsnTt^R
Anjali,Mehta,anjali.mehta,nLXkJ1e5&*p9
Sunita,Sharma,sunita.sharma,@h^&O6IdJD*9
Amit,Patel,amit.patel,d(85ozIhFCTI
Sanjay,Mehta,sanjay.mehta,(KP5nrNlszlb
Anjali,Gupta,anjali.gupta,1A9&0gxXxfuK
Sunita,Mehta,sunita.mehta,8b2Tk_Dc)vRK
Amit,Patel,amit.patel,%T1Y6fGEMGNu
Rahul,Reddy,rahul.reddy,H&J%ilckm@5w
Sanjay,Mehta,sanjay.mehta,hs3&9lDcCg2C
Rohit,Reddy,rohit.reddy,KN_mnYKN^w8Y
Sanjay,Singh,sanjay.singh,37_jPGfl!y5X
Sanjay,Sharma,sanjay.sharma,#ShgX2Ms$B1X
Rahul,Verma,rahul.verma,!JHC3ahSP4Ft
Anjali,Patel,anjali.patel,%1sx23QbVIWG
Rohit,Chopra,rohit.chopra,WM)gJ+sVO%36
Rahul,Nair,rahul.nair,$^pFY%iAQqx5
Rohit,Iyer,rohit.iyer,#CgE9NLu00&Q
Priya,Chopra,priya.chopra,&fFHVuGHTF6K
Kavita,Nair,kavita.nair,rM9Rrq$)y)JJ
Rohit,Singh,rohit.singh,#NAME?
Rohit,Mehta,rohit.mehta,^9PtuJyAJDhY
Rajesh,Iyer,rajesh.iyer,7*5Rn4BB@Zic
Deepak,Gupta,deepak.gupta,IM_74%O2)fAy
Anjali,Reddy,anjali.reddy,(RdqzrUb3XD+
Sanjay,Patel,sanjay.patel,A*w9Bw*c#_+v
Sanjay,Chopra,sanjay.chopra,O$P9fgG%iG3Z
Priya,Nair,priya.nair,cOGEEOw$%8hR
Kavita,Chopra,kavita.chopra,@%$48ll(5v8L
Sunita,Patel,sunita.patel,f&*jKxo2Q#T8
Kavita,Gupta,kavita.gupta,8wZzd!r7%sVj
Sanjay,Singh,sanjay.singh,9lR1VaXy%wL%
Rajesh,Sharma,rajesh.sharma,B0XcBzCl_)5(
Sanjay,Gupta,sanjay.gupta,&jMi8mlWpu0A
Amit,Verma,amit.verma,DG1h1ckeF$bH
Anjali,Gupta,anjali.gupta,t3B^(epRhz_A
Kavita,Verma,kavita.verma,2tUaz1Lff^m2
Kavita,Verma,kavita.verma,M02qsBrre&FJ
Rahul,Nair,rahul.nair,9)^teBok@eFo
Rajesh,Singh,rajesh.singh,0moP9co!^4Yt
Anjali,Gupta,anjali.gupta,C^75WWg4MttA
Rajesh,Gupta,rajesh.gupta,y2Dw%Upl*fwG
Kavita,Reddy,kavita.reddy,3^ve8FcSihVj
Sanjay,Reddy,sanjay.reddy,@0^kSRXd_@tW
Rajesh,Chopra,rajesh.chopra,7GBKxT^x%sg1
Kavita,Iyer,kavita.iyer,ba13IPm!TW_N
Sunita,Nair,sunita.nair,X7zVazfacO3^
Deepak,Chopra,deepak.chopra,Y9xXDbp5)4^P
Rahul,Chopra,rahul.chopra,V(Q7UhqA$D5%
Sunita,Mehta,sunita.mehta,7rOr)0Cb^5Od
Sanjay,Mehta,sanjay.mehta,_87q3zniAo2i
Sunita,Sharma,sunita.sharma,Bf9UmmQwrZ)(
Priya,Reddy,priya.reddy,K&i3WKnYFb(K
Rohit,Iyer,rohit.iyer,&I70bCj&EYkT
Anjali,Verma,anjali.verma,@bc*ukRu(3B0
Priya,Patel,priya.patel,$wtzbSqhW5Z8
Rajesh,Iyer,rajesh.iyer,#8eP0IGz@FZi
Amit,Reddy,amit.reddy,$ozhO2Flbh80
Kavita,Chopra,kavita.chopra,r!5&5NDm*%jg
Deepak,Sharma,deepak.sharma,!1ELhz^!@0Oa
Sunita,Patel,sunita.patel,_1Zp1%Pqh#1c
Sunita,Sharma,sunita.sharma,6Di1nUTy^tX%
Anjali,Mehta,anjali.mehta,$4J&t0PpP66X
Amit,Sharma,amit.sharma,%5eAxGng8d*1
Rajesh,Iyer,rajesh.iyer,6YNKdD6+*4r#
Amit,Gupta,amit.gupta,h6zXrX&k+(E6
Rohit,Verma,rohit.verma,v*737NKit!%7
Deepak,Singh,deepak.singh,z!h!6OlSLxUg
Sanjay,Sharma,sanjay.sharma,ZoJq2Wk@fg(#
Rahul,Sharma,rahul.sharma,X9%1R7kJf&8N
Rohit,Iyer,rohit.iyer,!6rEJaoeB)1i
Amit,Chopra,amit.chopra,_K#EOjh44z4D
Amit,Verma,amit.verma,9*Y$v(Tr3h0W
Anjali,Sharma,anjali.sharma,@@lawZt1*0Lk
Deepak,Nair,deepak.nair,x+s6Thw&)MY5
Sunita,Mehta,sunita.mehta,R5TZv6bt$!9M
Priya,Patel,priya.patel,X5+WPMjh(!+x
Kavita,Gupta,kavita.gupta,&k9!iYxwgP$X
Amit,Chopra,amit.chopra,o!ciJCep(V7B
Rohit,Patel,rohit.patel,^nk%6Yt@@p2E
Sunita,Chopra,sunita.chopra,%7s_76mfdLv6
Sunita,Nair,sunita.nair,$l3iUEQcF&0V
Anjali,Gupta,anjali.gupta,9^DE3Aa^p0n!
Rajesh,Nair,rajesh.nair,_1(FgSiIc@K5
Deepak,Chopra,deepak.chopra,KH6JjbbgO+^g
Rajesh,Verma,rajesh.verma,3#KJ^@(aa)2A
Priya,Verma,priya.verma,GGW4zpe&@3zj
Rahul,Mehta,rahul.mehta,y6u2QwX(55&*
Rajesh,Iyer,rajesh.iyer,_zX8UbZkQVx5
Sunita,Gupta,sunita.gupta,uUYZtSSc#4hM
Anjali,Chopra,anjali.chopra,O(!7AW&f3(99
Anjali,Patel,anjali.patel,UL#ZE_Ko6$5L
Anjali,Mehta,anjali.mehta,+G7AMofY5_n*
Amit,Gupta,amit.gupta,*E1*wIhfxdWS
Deepak,Sharma,deepak.sharma,^XLEvEu0Jy9p
Sanjay,Patel,sanjay.patel,$7jvV(L)rgRP
Amit,Gupta,amit.gupta,TezV3SXi^2x&
Anjali,Gupta,anjali.gupta,^#)76XBtoh(J
Anjali,Patel,anjali.patel,fF@ItPxs+4+@
Deepak,Nair,deepak.nair,6XB6wCOe+4wM
Rohit,Gupta,rohit.gupta,42*vhS!d#04w
Rajesh,Sharma,rajesh.sharma,Cf4zcHWi7@gL
Priya,Singh,priya.singh,7Zv4V@eJRY)o
Rohit,Gupta,rohit.gupta,*97%l%zt&f_K
Rajesh,Sharma,rajesh.sharma,8u8Wlwmo#e4m
Sunita,Gupta,sunita.gupta,R1F_8vsu^J3l
Deepak,Sharma,deepak.sharma,)qmtDX@bSw47
Anjali,Reddy,anjali.reddy,(AR*v3C78!#M
Rohit,Nair,rohit.nair,12*CJTmg%unt
Rahul,Reddy,rahul.reddy,^Mk7ixI%d38W
Rahul,Reddy,rahul.reddy,8_lGdHUbT##6
Sunita,Patel,sunita.patel,YE25KTml9*a$
Sanjay,Sharma,sanjay.sharma,37QkFa@#_yDr
Deepak,Patel,deepak.patel,IYH*aA8ld(+5
Amit,Nair,amit.nair,tT@E9cXbmYo2
Priya,Sharma,priya.sharma,^0&COfXP*xEH
Amit,Verma,amit.verma,G_0QIyZmvo+C
Amit,Iyer,amit.iyer,@8BR5cRsl03W
Deepak,Nair,deepak.nair,c$66FHJu_3*R
Kavita,Sharma,kavita.sharma,_FN50qavenNN
Anjali,Nair,anjali.nair,jF5Duzu5N&5N
Kavita,Chopra,kavita.chopra,YMEBROxd*9%y
Rajesh,Reddy,rajesh.reddy,^IR6jnBL*1vW
Sanjay,Patel,sanjay.patel,70B+y3DLxE(J
Rohit,Patel,rohit.patel,@7JtSjvbNKAk
Rajesh,Reddy,rajesh.reddy,_rmC%KhL85$E
Amit,Sharma,amit.sharma,ls4Nh$o*#0W_
Deepak,Chopra,deepak.chopra,7UuKTwMm+727
Rajesh,Reddy,rajesh.reddy,jhNeWfn26#A6
Kavita,Iyer,kavita.iyer,!N0Un5rvYmo6
Sanjay,Chopra,sanjay.chopra,O%9z&rO1JlRA
Rajesh,Iyer,rajesh.iyer,@UDFH6#x@8h5
Amit,Chopra,amit.chopra,Eb7Et4Bg)+@R
Sanjay,Mehta,sanjay.mehta,@(8Y^e2j4(5M
Rahul,Gupta,rahul.gupta,^eB^CrR002za
Anjali,Reddy,anjali.reddy,Ju)Z!CkV^9Cs
Anjali,Patel,anjali.patel,&j3%uy4s3L)%
Kavita,Iyer,kavita.iyer,^2@7L7luHfc(
Priya,Verma,priya.verma,nc1Nj%qj@RnD
Rahul,Singh,rahul.singh,p6OJAdGhH@43
Rajesh,Chopra,rajesh.chopra,Z4tARWdSP!33
Anjali,Reddy,anjali.reddy,y8Fdl)ZC^0J&
Deepak,Reddy,deepak.reddy,*5G$qAdT3Iz5
Rajesh,Gupta,rajesh.gupta,@3O)HYEpQr+X
Amit,Iyer,amit.iyer,629j^qG7(4QH
Kavita,Gupta,kavita.gupta,3H@3Zl^i0Rn4
Deepak,Singh,deepak.singh,zIjRQETgO1!1
Rahul,Sharma,rahul.sharma,n)MWSXLt^2kV
Rajesh,Mehta,rajesh.mehta,(1V$wtf&&uVL
Rajesh,Patel,rajesh.patel,_H7LumkiaNWX
Anjali,Mehta,anjali.mehta,5s^VcFhW#p2V
Sanjay,Reddy,sanjay.reddy,c&2tLk!aG!+0
Sanjay,Nair,sanjay.nair,d7R0WiB(*7S_
Rohit,Mehta,rohit.mehta,e@l9UIhxr2R2
Priya,Sharma,priya.sharma,N84Qx2+SO^1q
Deepak,Verma,deepak.verma,7AXmJZxu#nmm
Rajesh,Gupta,rajesh.gupta,&6JkmD5tWR6%
Amit,Reddy,amit.reddy,$N^PUdAik2i_
Sunita,Gupta,sunita.gupta,2a2uo6Ul#Q*^
Priya,Reddy,priya.reddy,x!)qW888(h9m
Rajesh,Singh,rajesh.singh,oEAb5kW4W85^
Deepak,Patel,deepak.patel,_U8WxE^tl&O)
Rahul,Chopra,rahul.chopra,@d58KTzH)448
Kavita,Iyer,kavita.iyer,jGS76Lds)Q@n
Kavita,Patel,kavita.patel,fsOUrX2ZV^1@
Sunita,Patel,sunita.patel,Q(MX(sBhA&8u
Anjali,Singh,anjali.singh,2j0Pc7ex^VXF
Rahul,Patel,rahul.patel,m3aLZvxv(#5+
Sanjay,Singh,sanjay.singh,c#7lcIvE2_9S
Rahul,Nair,rahul.nair,%@KeooAwNw6v
Rohit,Sharma,rohit.sharma,c0ABRf_#Ex5(
Rahul,Chopra,rahul.chopra,$)yPGmieb9$6
Sunita,Gupta,sunita.gupta,hU4SLgYn_k)2
Amit,Singh,amit.singh,dU2N)zcs%3pO
Anjali,Singh,anjali.singh,v!2L((hf$Bn5
Rahul,Verma,rahul.verma,q0EednMe_DFj
Sunita,Iyer,sunita.iyer,^wWM6V8cR!33
Rahul,Sharma,rahul.sharma,)p&&5YHgOd3^
Rahul,Gupta,rahul.gupta,+92(#WzxN*fg
Rahul,Singh,rahul.singh,p&Gw1vMslp@R
Kavita,Chopra,kavita.chopra,@+P4blf)NP2g
Anjali,Mehta,anjali.mehta,p@jLNHmPxR5*
Deepak,Verma,deepak.verma,07XSSY&r_W0t
Amit,Mehta,amit.mehta,S#0UwP+g%G83
Amit,Gupta,amit.gupta,5@93R1LUDnth
Rahul,Sharma,rahul.sharma,@c9$aLvw%6@c
Rahul,Verma,rahul.verma,5jwMRquy@7@_
Rahul,Nair,rahul.nair,v3DHA+sN^iRk
Sunita,Patel,sunita.patel,E25G5+qk8(@M
Priya,Iyer,priya.iyer,KB90O+OaH&$7
Rajesh,Gupta,rajesh.gupta,medXc@+4+3bV
Rohit,Nair,rohit.nair,j5#R7@lP%gEq
Amit,Patel,amit.patel,CfrQOfAu)5P0
Rajesh,Reddy,rajesh.reddy,@2tMr#fc4YIL
Amit,Chopra,amit.chopra,0!Pb8SKbLg&3
Kavita,Mehta,kavita.mehta,)uczh8Ur6rOb
Priya,Singh,priya.singh,g+n0Ncq5&VQV
Rajesh,Nair,rajesh.nair,&nyiB0xb^+8S
Rahul,Patel,rahul.patel,u6N$Gjmk1AgR
Amit,Reddy,amit.reddy,@4Lxb#k$WBoG
Rahul,Sharma,rahul.sharma,g6X_aeT)$MO0
Deepak,Singh,deepak.singh,Q4tbVPfN(L0t
Sunita,Gupta,sunita.gupta,&g%ebVaO%H3N
Priya,Sharma,priya.sharma,_3c#LJvlP_7Z
Priya,Verma,priya.verma,)5&JTGsyL)5@
Amit,Reddy,amit.reddy,t32ycSud)6J6
Deepak,Singh,deepak.singh,^3#5@tbMtkJ+
Sanjay,Iyer,sanjay.iyer,5^ZR2A@c+V@A
Kavita,Sharma,kavita.sharma,NEwInREb@(0+
Rohit,Sharma,rohit.sharma,@E3#V(t@yv8%
Kavita,Chopra,kavita.chopra,+9#P9tlH^UqU
Amit,Singh,amit.singh,)_x2Fq0zF@l9
Sunita,Singh,sunita.singh,i%EjEVvgfsV9
Rohit,Chopra,rohit.chopra,R_3t7JTc+mI)
Priya,Patel,priya.patel,Qo8WCw1Du*5q
Rohit,Mehta,rohit.mehta,G*#6&MEtwkB4
Sunita,Iyer,sunita.iyer,Ru6$#HEft(sD
Rahul,Gupta,rahul.gupta,5h9Qrwv**wc9
Anjali,Verma,anjali.verma,1&EX$ll0Yq0T
Kavita,Patel,kavita.patel,Dnx7V9gctu&#
Sanjay,Gupta,sanjay.gupta,CWmY9bb2i*6$
Rajesh,Singh,rajesh.singh,f_3$&Ztb%Ry2
Rohit,Sharma,rohit.sharma,W#2NGhUKKM0K
Sunita,Patel,sunita.patel,(6*ibI&Y1s(O
Rajesh,Gupta,rajesh.gupta,&8rVReiVOeHK
Deepak,Verma,deepak.verma,N#99DQp5zl%5
Sanjay,Nair,sanjay.nair,47V%S2w4^ZqE
Sanjay,Iyer,sanjay.iyer,%ke^lvXA34_E
Rahul,Sharma,rahul.sharma,!JuA(ViA7yx8
Sunita,Gupta,sunita.gupta,A*z44Ih8*xpH
Rajesh,Mehta,rajesh.mehta,Y!vY&di0&6w%
Sunita,Gupta,sunita.gupta,)H1IlYEO8GSj
Rohit,Sharma,rohit.sharma,v++p8G!u^R31
Rajesh,Nair,rajesh.nair,^0j$5On3IgB@
Sanjay,Verma,sanjay.verma,(pTOHJGp(7Rj
Amit,Gupta,amit.gupta,46Y6oyPO@HGk
Anjali,Patel,anjali.patel,bd$SrmLHm#7k
Kavita,Verma,kavita.verma,nI%yPHcjdY5I
Amit,Patel,amit.patel,4fCpdPzk)yHh
Rajesh,Gupta,rajesh.gupta,$e1rHxok^G6V
Rahul,Gupta,rahul.gupta,4V(@1JKbO!s2
Rajesh,Nair,rajesh.nair,&lyo7C2v8DVt
Sunita,Iyer,sunita.iyer,3a#3nKGfJG02
Deepak,Patel,deepak.patel,*GM&l_c^q1F$
Kavita,Sharma,kavita.sharma,&9m7ltri_GsJ
Deepak,Singh,deepak.singh,9@V2Mp$V#+i4
Sunita,Gupta,sunita.gupta,(MAPmOMiU4)a
Kavita,Patel,kavita.patel,oCLm4Xi^+4eV
Rajesh,Reddy,rajesh.reddy,_qBmP5Dcg8#2
Sunita,Iyer,sunita.iyer,8&qtYnVr3n1Z
Rajesh,Singh,rajesh.singh,$EVFwKvD7L71
Anjali,Singh,anjali.singh,!C4Ksr^6GRbK
Priya,Singh,priya.singh,!QT1f!qWO7CR
Deepak,Verma,deepak.verma,g420rCxr!DLo
Amit,Singh,amit.singh,*m*&XM$u*)Z2
Amit,Nair,amit.nair,Fbn5XfVM!#Oj
Kavita,Reddy,kavita.reddy,tf32!iVo!)(S
Rajesh,Singh,rajesh.singh,#4%DrvPkg66C
Rajesh,Singh,rajesh.singh,6UQ@4GaqHafI
Sunita,Nair,sunita.nair,2s+6Vbw@b^nh
Sanjay,Chopra,sanjay.chopra,_EL2l#Jp8WOl
Kavita,Gupta,kavita.gupta,5CN)EMgun(7r
Priya,Singh,priya.singh,4!2_H@pwpCgt
Rohit,Chopra,rohit.chopra,!eRKpSk2^0^N
Kavita,Chopra,kavita.chopra,@1$mm29EEJKK
Sunita,Iyer,sunita.iyer,7Es*v^lrJN+L
Anjali,Iyer,anjali.iyer,AHT0S(Mg)VHv
Kavita,Gupta,kavita.gupta,#(%L*ppeV%6P
Rajesh,Iyer,rajesh.iyer,g8WCcHgFK$2U
Sanjay,Chopra,sanjay.chopra,c$J1b#Gok&5S
Rohit,Verma,rohit.verma,F8*^$GuzbjS9
Rajesh,Verma,rajesh.verma,^xa1_Woc#5#U
Priya,Iyer,priya.iyer,8q9InxDK((wY
Rohit,Gupta,rohit.gupta,Ln+gPragOYk9
Sanjay,Sharma,sanjay.sharma,$s&J#kO9*6a_
Rohit,Gupta,rohit.gupta,$6TBy%1Y76C5
Amit,Sharma,amit.sharma,ho$7YtwdCHts
Amit,Mehta,amit.mehta,mjvUZTk#)V%8
Deepak,Singh,deepak.singh,##&iUmgr(D8L
Amit,Sharma,amit.sharma,(*Tg0OPv7xR5
Rajesh,Singh,rajesh.singh,dBr4zFVrZY)f
Anjali,Patel,anjali.patel,_8RCOvwve9S9
Kavita,Gupta,kavita.gupta,#8JQiniyH7Lp
Deepak,Singh,deepak.singh,*7#escH7qtT+
Sanjay,Mehta,sanjay.mehta,_3*emNgz1U4R
Deepak,Mehta,deepak.mehta,(F_T7%c!z6Hm
Sunita,Sharma,sunita.sharma,ytZ4Z+DiItt^
Amit,Iyer,amit.iyer,$vI0DR1l(l1Z
Rohit,Reddy,rohit.reddy,gR4F+WlAe(dZ
Deepak,Patel,deepak.patel,ef*3qRc88zgL
Rajesh,Chopra,rajesh.chopra,0%PLcHRj@S93
Rajesh,Reddy,rajesh.reddy,13N$^W$P%8a@
Rohit,Iyer,rohit.iyer,5$678LLj_OZv
Rajesh,Sharma,rajesh.sharma,6m6mf+x_)+IX
Sanjay,Gupta,sanjay.gupta,tI0ijZl_!y)T
Kavita,Sharma,kavita.sharma,KIC0XMldBf&o
Rajesh,Singh,rajesh.singh,fYa(y5Vrio_j
Rahul,Iyer,rahul.iyer,#rh0D*0wgXfs
Sanjay,Iyer,sanjay.iyer,*REb4Iwn!9sc
Anjali,Iyer,anjali.iyer,60)zjfm9)@Ud
Kavita,Gupta,kavita.gupta,9Dp7Lhll%e6m
Priya,Patel,priya.patel,&G(*3xBd4do7
Anjali,Patel,anjali.patel,l5(BDki2!B%7
Sanjay,Gupta,sanjay.gupta,h9wna$q&(@L6
Amit,Iyer,amit.iyer,%cbNsF69K(8G
Rahul,Gupta,rahul.gupta,&bcY&+fz5NZo
Rahul,Chopra,rahul.chopra,_nAc6uScnT@F
Rahul,Singh,rahul.singh,#akRcRcD94Q9
Kavita,Reddy,kavita.reddy,xZ6RZcHO(2Qj
Amit,Verma,amit.verma,)nSH^m3B0VgK
Priya,Patel,priya.patel,OF0QbJsy&o$C
Rajesh,Reddy,rajesh.reddy,i1sdxwq3$uQT
Sunita,Iyer,sunita.iyer,$%9DLq9KHgby
Rahul,Gupta,rahul.gupta,Q0oJeOtk_35J
Priya,Sharma,priya.sharma,Q@W8DOzOz3s&
Anjali,Chopra,anjali.chopra,)(1F(!z7A5eU
Rohit,Singh,rohit.singh,DOe$$1Rjf%0#
Amit,Reddy,amit.reddy,dRM9s#px&+0o
Kavita,Reddy,kavita.reddy,$(r5MxBv)_)_
Sanjay,Chopra,sanjay.chopra,)&NxKObj6KDv
Anjali,Gupta,anjali.gupta,6N0hd^cI^WAo
Anjali,Verma,anjali.verma,+3nAntpL$2%a
Rajesh,Verma,rajesh.verma,)$MiGUqf*6z$
Anjali,Verma,anjali.verma,tFyBv_#a)Z2U
Rohit,Reddy,rohit.reddy,Mm8LpNCpD+%2
Priya,Gupta,priya.gupta,(%&(sRoxOj63
Rajesh,Mehta,rajesh.mehta,6%2CZ+hmGcfS
Priya,Verma,priya.verma,H)57l&&4N@^F
Rajesh,Reddy,rajesh.reddy,@6C+!YLneEzb
Rohit,Reddy,rohit.reddy,!7OQuB#tMJlq
Sunita,Gupta,sunita.gupta,_n$@CkBi$y1p
Deepak,Chopra,deepak.chopra,o^HHL1B)#e56
Amit,Mehta,amit.mehta,be@(f1(s_2zV
Rajesh,Mehta,rajesh.mehta,d44KxssWV$9h
Rohit,Nair,rohit.nair,vtgQhyxM&U5k
Rohit,Reddy,rohit.reddy,1BIC^5uJ*W(w
Priya,Sharma,priya.sharma,H5yATysZ)%*3
Rajesh,Gupta,rajesh.gupta,#NAME?
Rohit,Gupta,rohit.gupta,J@)MJz0hKRE5
Deepak,Verma,deepak.verma,)RE4!OLvJua7
Kavita,Verma,kavita.verma,#k+FKZ1fIl5T
Priya,Gupta,priya.gupta,Pc1Y)gvw4*l&
Anjali,Iyer,anjali.iyer,RE8ZFoQn&1bQ
Kavita,Chopra,kavita.chopra,j)Nq3+9aA01U
Priya,Iyer,priya.iyer,*Z16bAuq%W%2
Anjali,Singh,anjali.singh,(QGSHnRhP%3(
Rahul,Nair,rahul.nair,V6ukYlGD_4B)
Sanjay,Nair,sanjay.nair,LsPYzHu_&l9l
Rohit,Mehta,rohit.mehta,r*w2W2RuMI9L
Rohit,Reddy,rohit.reddy,(K(sRtGt(Lu3
Anjali,Sharma,anjali.sharma,(3QzZUMnYA61
Deepak,Nair,deepak.nair,&1RJ1tC4((9+
Sunita,Mehta,sunita.mehta,WBFzFjbeb!Q3
Deepak,Patel,deepak.patel,f9@leGNi^2ik
Rahul,Nair,rahul.nair,39&jGwpI_Q2Y
Rahul,Singh,rahul.singh,8!NBnmc9(F5P
Kavita,Patel,kavita.patel,3MB)KCy)43ED
Priya,Verma,priya.verma,!#fS3P8k+cX6
Sanjay,Reddy,sanjay.reddy,)*F!8hJAU40H
Anjali,Iyer,anjali.iyer,co6c8P^xM&kp
Rahul,Chopra,rahul.chopra,9se24v1m+7P6
Sunita,Chopra,sunita.chopra,(!U&Ic1YQo7M
Deepak,Iyer,deepak.iyer,9AT&6(DmwF*S
Sanjay,Reddy,sanjay.reddy,$7U$9AMu91PP
Kavita,Sharma,kavita.sharma,Kp94XbeC@7Ad
Amit,Iyer,amit.iyer,2rGNmome^nLF
Anjali,Mehta,anjali.mehta,k)l8lPeMa7RP
Sunita,Singh,sunita.singh,@pwGF5Cbp1!(
Rahul,Gupta,rahul.gupta,(^Ebd@*m7oZf
Priya,Patel,priya.patel,&1MWL@_rw0FK
Deepak,Verma,deepak.verma,yX!JL0Ha)5Dl
Rohit,Patel,rohit.patel,fj8qD2Cl)))2
Priya,Verma,priya.verma,!7PJLalFOi$e
Rahul,Mehta,rahul.mehta,OkbKu#wh)2sV
Rahul,Gupta,rahul.gupta,4hMbqhU$&DEo
Rohit,Iyer,rohit.iyer,#1nhtyc+VkCT
Kavita,Nair,kavita.nair,%fJSWAzdT55u
Rahul,Patel,rahul.patel,ER#VfdNR(j83
Sanjay,Gupta,sanjay.gupta,G!t!EhYf&N90
Kavita,Mehta,kavita.mehta,K1CS4FMO)mBN
Deepak,Mehta,deepak.mehta,15@IOEmj%f6V
Priya,Nair,priya.nair,7TXTGBey!@_K
Deepak,Verma,deepak.verma,)8LVj&q2u49N
Priya,Mehta,priya.mehta,&vMk^&Xbeq01
Anjali,Mehta,anjali.mehta,c_Wec^qN$6O6
Rohit,Verma,rohit.verma,43ovjWgqV!+3
Sanjay,Chopra,sanjay.chopra,v6*)LHMeJHE7
Rajesh,Gupta,rajesh.gupta,io2YE@luI%*#
Priya,Reddy,priya.reddy,u!3grvgTo^^Y
Sanjay,Singh,sanjay.singh,8ap3V66w)K_7
Priya,Chopra,priya.chopra,3mb+2)Em_tX!
Sunita,Chopra,sunita.chopra,9$0PCTl_)OjZ
Sunita,Mehta,sunita.mehta,DurYS7nV(&o3
Sanjay,Gupta,sanjay.gupta,)x78VmQgUTQc
Amit,Patel,amit.patel,%0!&rhglCJ%U
Rahul,Singh,rahul.singh,_*2aXKctoMYb
Kavita,Verma,kavita.verma,E0lZnj)G+h_9
Priya,Iyer,priya.iyer,8$mKKtDEWQ4G
Sunita,Reddy,sunita.reddy,utThadEl1#9I
Rajesh,Nair,rajesh.nair,g#QBu_*fU+9C
Kavita,Singh,kavita.singh,*33@f9Cp^ZtO
Rahul,Reddy,rahul.reddy,9pLU0Rn6@YNa
Anjali,Iyer,anjali.iyer,_z9HErnAFXOz
Anjali,Chopra,anjali.chopra,*SrW57Kw21CV
Amit,Patel,amit.patel,nKfP2+t**a2E
Sanjay,Patel,sanjay.patel,^G0W@d9dO#WD
Deepak,Sharma,deepak.sharma,_$VJH*1Xoa9B
Sanjay,Reddy,sanjay.reddy,l(vu3iC)!ipZ
Amit,Patel,amit.patel,C%a3ZvXh)Crs
Rohit,Verma,rohit.verma,I(OVnds@rB3a
Sunita,Verma,sunita.verma,A@t07PNt1bLn
Deepak,Nair,deepak.nair,@3Lv#d1uDG2i
Sunita,Mehta,sunita.mehta,)aL6LMl!4UEE
Kavita,Patel,kavita.patel,i68LiGeL(gqX
Deepak,Chopra,deepak.chopra,7cKRuOVoA^o*
Sanjay,Sharma,sanjay.sharma,g$mJxjY*)k8E
Rajesh,Sharma,rajesh.sharma,^y9U1PCoD@6J
Priya,Mehta,priya.mehta,Ifb#OBjH@qO7
Rahul,Chopra,rahul.chopra,+4@WDr#4*x6P
Deepak,Patel,deepak.patel,_4SOmq1X@vIX
Priya,Sharma,priya.sharma,4W+7Ir9psjz_
Kavita,Sharma,kavita.sharma,iV1yiKKx#il$
Anjali,Iyer,anjali.iyer,%54_fOUti5H^
Amit,Chopra,amit.chopra,Mk@1Es3E+!3Y
Priya,Nair,priya.nair,r3+XTMqf)U3B
Rahul,Iyer,rahul.iyer,$p!1RGTknMMo
Sunita,Verma,sunita.verma,rIL9ZrGV^4$q
Rajesh,Gupta,rajesh.gupta,CPiR42Gj%&3O
Rajesh,Singh,rajesh.singh,UL&1^q3gj*&3
Rohit,Mehta,rohit.mehta,D!Om6#Fiht#x
Rajesh,Mehta,rajesh.mehta,_o@DBrSuC22f
Amit,Nair,amit.nair,&Ny5Ey9kvd$E
Rahul,Reddy,rahul.reddy,6NXeaSsk)ak6
Anjali,Verma,anjali.verma,^bQXQGj7!OT2
Rajesh,Verma,rajesh.verma,S_AWRrcFDo9z
Sunita,Singh,sunita.singh,j7nIGh(Z10l+
Anjali,Nair,anjali.nair,QhXUom7Q#G2N
Amit,Sharma,amit.sharma,niQlKFxr%S9b
Kavita,Nair,kavita.nair,3scLrgywK1T^
Deepak,Sharma,deepak.sharma,xmVLLjv)%Q)5
Sunita,Patel,sunita.patel,)7G%Oj%FzsjN
Deepak,Gupta,deepak.gupta,nWW4lksOf@hp
Rohit,Sharma,rohit.sharma,Rxo9LEN7#0A)
Sunita,Nair,sunita.nair,&8)4hnmTx9XS
Sanjay,Gupta,sanjay.gupta,%QMGo3On!8Jp
Rajesh,Chopra,rajesh.chopra,(T6UXEyutO)C
Amit,Mehta,amit.mehta,y9eGaBml+6Ik
Sunita,Singh,sunita.singh,_I9!$Foem1Yf
Sanjay,Reddy,sanjay.reddy,K@Q$RcWW^3eS
Rohit,Mehta,rohit.mehta,G3R5UY3u+S5W
Deepak,Chopra,deepak.chopra,ALpPrcgb1R1(
Amit,Nair,amit.nair,!$4NTLkzIbz9
Priya,Chopra,priya.chopra,X@*CkiRc9kv^
Anjali,Reddy,anjali.reddy,AvXSTGnj%2QL
Kavita,Reddy,kavita.reddy,@4jPhk%m59UI
Rohit,Gupta,rohit.gupta,D&RcpgR!)63*
Deepak,Verma,deepak.verma,*55sm7*lklME
Amit,Reddy,amit.reddy,K79#7hpz88yO
Priya,Patel,priya.patel,Q5JMqvP(@3*n
Rahul,Sharma,rahul.sharma,qG+qSwdsNPf6
Amit,Patel,amit.patel,#KhY02oYv0XC
Deepak,Mehta,deepak.mehta,%1SxujCyf66z
Rohit,Gupta,rohit.gupta,+%FNHbzb*4XM
Kavita,Nair,kavita.nair,H5q@IQd+$2Xf
Sanjay,Iyer,sanjay.iyer,)!%&T!cjo_D5
Amit,Sharma,amit.sharma,v&rU2@Se3iwU
Anjali,Singh,anjali.singh,8A%&tz4Jj^4G
Rahul,Chopra,rahul.chopra,@n7ThUDOT%4S
Sanjay,Reddy,sanjay.reddy,J$OquFkcFF8H
Priya,Chopra,priya.chopra,c+&EIUvtmzM7
Rahul,Nair,rahul.nair,fPyj@7yQN!5I
Anjali,Nair,anjali.nair,$2kVZ$pGXe8P
Anjali,Patel,anjali.patel,H1B(L6HFJGfa
Deepak,Sharma,deepak.sharma,$b&A8Y7jZhp$
Rajesh,Iyer,rajesh.iyer,@9WKOi5k_OmY
Priya,Chopra,priya.chopra,^AW&98OseOHP
Priya,Chopra,priya.chopra,@RRYERGxP1xY
Sunita,Patel,sunita.patel,Q!@3zgDhQ4@y
Amit,Mehta,amit.mehta,24j7En9Z@pWD
Kavita,Patel,kavita.patel,O+88XT*OOe8Y
Rohit,Reddy,rohit.reddy,g_XvTox9Ri4J
Kavita,Singh,kavita.singh,b7JVDbxJ*EJX
Rajesh,Sharma,rajesh.sharma,YLZl$DIfOS#6
Sunita,Singh,sunita.singh,)w3JgZN91yS8
Deepak,Verma,deepak.verma,GzvgQ1dxv(5V
Rajesh,Iyer,rajesh.iyer,McsPyps5O8x+
Sanjay,Patel,sanjay.patel,*vSBFnIlw+5l
Sunita,Patel,sunita.patel,4&D4u2Dvnxj0
Deepak,Mehta,deepak.mehta,)YL&9Fqb%@03
Rajesh,Verma,rajesh.verma,Gh+4TZng!5oC
Rajesh,Chopra,rajesh.chopra,5t7faCaZ#D2A
Kavita,Reddy,kavita.reddy,RY2BpK3S(QLQ
Rohit,Singh,rohit.singh,&BZYIStmry0U
Sunita,Sharma,sunita.sharma,u+W6wLe))X1E
Rahul,Singh,rahul.singh,nRz&DXyFROt2
Amit,Nair,amit.nair,#NAME?
Rohit,Mehta,rohit.mehta,T^9+@g^lYT8M
Anjali,Gupta,anjali.gupta,c&9_NMcz+sKD
Deepak,Mehta,deepak.mehta,iZ0uEraM^u8_
Sanjay,Chopra,sanjay.chopra,!H4aW@wnzB0A
Amit,Iyer,amit.iyer,+)&ytiMN2u2W
Anjali,Sharma,anjali.sharma,P63BjIUB!4T%
Rajesh,Sharma,rajesh.sharma,S)3fZpeJ7w!F
Priya,Chopra,priya.chopra,D6#nT^pd!^4@
Anjali,Reddy,anjali.reddy,_6D$H0w&#)Qj
Rajesh,Verma,rajesh.verma,&A24n)WOEtAJ
Amit,Singh,amit.singh,JCN0CTqd*ff8
Rajesh,Mehta,rajesh.mehta,Og2LggXCv8@_
Kavita,Chopra,kavita.chopra,W6xBe0Mp)p3c
Kavita,Verma,kavita.verma,&!4Ltr8f3NWl
Amit,Reddy,amit.reddy,hs0nKnUlA!LE
Deepak,Singh,deepak.singh,&3CCocYQJ&Gl
Sunita,Patel,sunita.patel,GY7Lga@f*)Wm
Rahul,Mehta,rahul.mehta,!yw2YNIqVhDG
Sanjay,Nair,sanjay.nair,*oA4qO0gx*)g
Rohit,Singh,rohit.singh,!4YwIy_18GPE
Rajesh,Verma,rajesh.verma,$R$k0iOtp2&4
Anjali,Verma,anjali.verma,g^4lFQUqezC1
Priya,Sharma,priya.sharma,7hSkGnxt$FE1
Kavita,Patel,kavita.patel,#oaWa+xt@21R
Rahul,Nair,rahul.nair,7+LCiUHag_27
Rajesh,Gupta,rajesh.gupta,HTg6eHykN)Rb
Deepak,Verma,deepak.verma,acB!!R@jSgM9
Deepak,Patel,deepak.patel,g40jKbrN#7YR
Amit,Mehta,amit.mehta,H57PSY5j_UJ8
Deepak,Patel,deepak.patel,$5I*uauZFvIf
Anjali,Iyer,anjali.iyer,$fsRjId#8b0S
Sunita,Reddy,sunita.reddy,s*_zN8qclDVn
Priya,Reddy,priya.reddy,$8!ZgVPYzYKS
Sunita,Patel,sunita.patel,)F1O#PtGr3nS
Deepak,Chopra,deepak.chopra,xlGzQfh!)G3n
Kavita,Chopra,kavita.chopra,&3YBpQG^+VgK
Rajesh,Verma,rajesh.verma,2g1lgu2D9!$P
Sunita,Verma,sunita.verma,^_2Q)+B!_u3p
Amit,Iyer,amit.iyer,)1eF8Eu4P^KG
Rohit,Sharma,rohit.sharma,QyU#6DOz!D!O
Rahul,Singh,rahul.singh,WdEbLl!nf+0B
Rahul,Verma,rahul.verma,$8CMNfhA9Z*e
Rohit,Mehta,rohit.mehta,Ton^XVDS&5kk
Rahul,Verma,rahul.verma,f)g4Lz+n&B&r
Rahul,Mehta,rahul.mehta,R(o)3XZc+r15
Sunita,Nair,sunita.nair,IiUYAVdJJ@8U
Anjali,Verma,anjali.verma,!VXngh4C9guh
Priya,Mehta,priya.mehta,@0BMhuAX_Om0
Rajesh,Nair,rajesh.nair,R61jZZpGb*Y1
Sunita,Nair,sunita.nair,nG*V0AiW(cKr
Rahul,Patel,rahul.patel,$Db)V2Tz$hZY
Anjali,Patel,anjali.patel,mG*5pG9yqzDn
Kavita,Singh,kavita.singh,(4V0iL3YukTC
Rajesh,Sharma,rajesh.sharma,*5(p*(r10nXS
Rajesh,Mehta,rajesh.mehta,tid0NJZne^%X
Sanjay,Iyer,sanjay.iyer,7#GXKOv3)SC2
Priya,Iyer,priya.iyer,8000P^l2_8LF
Priya,Patel,priya.patel,e7$1SHehHMA@
Priya,Patel,priya.patel,dg5cj$DuQIC^
Deepak,Iyer,deepak.iyer,INdQGqd*664*
Deepak,Chopra,deepak.chopra,#IgZYIbm^8Ul
Rajesh,Gupta,rajesh.gupta,Q_(0p1eYk(2R
Sanjay,Sharma,sanjay.sharma,69MuYWvd+8V%
Rohit,Verma,rohit.verma,8l1*wEH7*^Ih
Priya,Reddy,priya.reddy,275jJeL3#hlw
Priya,Gupta,priya.gupta,M&DScJw_%d1l
Rajesh,Nair,rajesh.nair,MD75T(xY$1)e
Rahul,Iyer,rahul.iyer,@3NKhla_+#&Q
Anjali,Mehta,anjali.mehta,l+17oodlirQO
Rohit,Chopra,rohit.chopra,#miQm(YcMOj9
Sunita,Patel,sunita.patel,9c1Mtdcb1#yZ
Kavita,Nair,kavita.nair,Y28^#JgO@6Sw
Priya,Mehta,priya.mehta,D0shjHlbB&2E
Priya,Singh,priya.singh,#LC75CstEfS2
Rohit,Verma,rohit.verma,9r889FAo^(pK
Deepak,Patel,deepak.patel,#NAME?
Sanjay,Patel,sanjay.patel,hae^8$uR0%oF
Priya,Chopra,priya.chopra,^BGB)tkM*4ci
Sunita,Patel,sunita.patel,Oz3E!N)vI7M@
Rajesh,Iyer,rajesh.iyer,3)i@Hli1i*D4
Sanjay,Sharma,sanjay.sharma,MnC4YrOj@n4T
Anjali,Verma,anjali.verma,RSRs4KoHoY##
Sunita,Nair,sunita.nair,zUV*euikr#5#
Amit,Gupta,amit.gupta,l1T8sM$z_2@M
Deepak,Reddy,deepak.reddy,6I3Ju@X2pZ&)
Anjali,Sharma,anjali.sharma,z$MRiMX#ay53
Rajesh,Chopra,rajesh.chopra,$6007fZ@)azL
Sanjay,Verma,sanjay.verma,&OAJiT2fU6Kw
Deepak,Chopra,deepak.chopra,)$44rHp%DgvO
Rajesh,Reddy,rajesh.reddy,xKI3Xa0b@s)z
Rohit,Chopra,rohit.chopra,(Xa!7Xch6y@!
Sanjay,Verma,sanjay.verma,Q2wYRbweB^33
Rahul,Chopra,rahul.chopra,FGYBYcG_J$72
Rohit,Verma,rohit.verma,K8ez3TXbt&Ob
Sanjay,Chopra,sanjay.chopra,G6NAxHrx!ryD
Rajesh,Reddy,rajesh.reddy,*V7eyTxr^kW_
Sunita,Sharma,sunita.sharma,0lTJbXXC!nB5
Rajesh,Iyer,rajesh.iyer,#L^Hz(yeO7ta
Deepak,Nair,deepak.nair,#9EvHz+fFO(+
Kavita,Verma,kavita.verma,(ej9lMUno5_u
Deepak,Verma,deepak.verma,!90BjJBf!$+N
Anjali,Mehta,anjali.mehta,+7z%@dleXEKQ
Rahul,Gupta,rahul.gupta,%w8OjGRBO+WB
Rahul,Mehta,rahul.mehta,z6TTtP5o#tHR
Rohit,Chopra,rohit.chopra,y5MZx08&_nKu
Deepak,Sharma,deepak.sharma,2OEfqvPP)aBu
Sanjay,Mehta,sanjay.mehta,y3dVg(x_JA9+
Anjali,Reddy,anjali.reddy,gQ+2!LZuv#1Q
Rajesh,Chopra,rajesh.chopra,6mrLcdOL_wJ$
Rohit,Verma,rohit.verma,UvB*s7rTy0np
Deepak,Mehta,deepak.mehta,F$ARNj5P@e9Y
Anjali,Iyer,anjali.iyer,Mh&5GQ5j_t8N
Rajesh,Sharma,rajesh.sharma,Ha8lFHmxHk(y
Sunita,Sharma,sunita.sharma,%OxF9Jf#9kZl
Sunita,Verma,sunita.verma,zXPlWWN8i8%E
Sunita,Gupta,sunita.gupta,z)OQ3Xc8NT3^
Sanjay,Iyer,sanjay.iyer,%GA0YsN#W*SL
Amit,Chopra,amit.chopra,Yv7K)@YdL^rG
Rajesh,Mehta,rajesh.mehta,QK3rQgaI+&C8
Kavita,Singh,kavita.singh,uhcWwsCP@o2^
Amit,Gupta,amit.gupta,N*LYte1yzP1M
Rohit,Mehta,rohit.mehta,8!9odrNjkXY1
Rajesh,Singh,rajesh.singh,#JL14NxXP5Su
Priya,Patel,priya.patel,(J4FsVnArd19
Rajesh,Singh,rajesh.singh,p0XQc0Ds%_2j
Rohit,Sharma,rohit.sharma,@8jqMDCtOwu5
Sanjay,Mehta,sanjay.mehta,6%mnSX+3(&WP
Rahul,Gupta,rahul.gupta,7(n8VCSkgKMv
Rahul,Patel,rahul.patel,#ttgklTrEL3*
Rajesh,Iyer,rajesh.iyer,61a)3A)s$kJU
Sunita,Gupta,sunita.gupta,!nldKuHfSe3S
Rahul,Gupta,rahul.gupta,luPPSM(jl)5U
Amit,Nair,amit.nair,4G0ZyTqvO_x#
Deepak,Sharma,deepak.sharma,Es2aZ@*#m#$L
Deepak,Patel,deepak.patel,Lx(Pt4M_L+6G
Sunita,Patel,sunita.patel,@nQq!7Np7CoZ
Rohit,Gupta,rohit.gupta,_kjz4AUpKp#b
Sunita,Reddy,sunita.reddy,&c89bS2qAd0u
Amit,Singh,amit.singh,f&*PuGg4(456
Rajesh,Chopra,rajesh.chopra,^q87&J3kg(3d
Amit,Mehta,amit.mehta,7o^XrqJd@WIP
Rahul,Verma,rahul.verma,nRZ4^Nqft!mI
Rajesh,Singh,rajesh.singh,m$3Wfvdx0$lu
Deepak,Chopra,deepak.chopra,(o5htVXw(ya3
Rohit,Iyer,rohit.iyer,gm9(+7Dlmxp)
Deepak,Verma,deepak.verma,a(GTm@37!0J+
Rahul,Verma,rahul.verma,7)mFwsnnAd3@
Priya,Mehta,priya.mehta,u10CAFeq(kk(
Kavita,Chopra,kavita.chopra,#NAME?
Rajesh,Iyer,rajesh.iyer,!_fKQS@jeq3+
Priya,Nair,priya.nair,O+1Q#ZLsd!Tw
Rajesh,Iyer,rajesh.iyer,l8OfJA&d(&97
Priya,Singh,priya.singh,3WSd&y#%*pTk
Deepak,Verma,deepak.verma,7lUYmGhF$!mT
Deepak,Singh,deepak.singh,hHdaVCbhx%0X
Rohit,Reddy,rohit.reddy,%cH0p!XmAm(2
Rahul,Singh,rahul.singh,9r^%%dRKj22V
Sanjay,Singh,sanjay.singh,MNX593Fi)$Qe
Anjali,Patel,anjali.patel,93V1Iqjw*9p6
Sunita,Nair,sunita.nair,L^_FZxsXL45@
Rohit,Mehta,rohit.mehta,_E8QolRl72Cg
Sunita,Verma,sunita.verma,^k$XdtTkk91K
Sunita,Reddy,sunita.reddy,La9krfoNe*lL
Anjali,Singh,anjali.singh,qDhQkvRve%1N
Deepak,Iyer,deepak.iyer,5KpPhy&w*mcW
Kavita,Mehta,kavita.mehta,_1jsjFZ_mcPW
Anjali,Chopra,anjali.chopra,!Gf(^vbkl4Zz
Rohit,Nair,rohit.nair,!7!EPuGkr*g8
Deepak,Patel,deepak.patel,wI3YRo&u9_gu
Rajesh,Gupta,rajesh.gupta,n_Cs5nGa$T1J
Rahul,Singh,rahul.singh,J+&(mMTjvy5V
Sanjay,Verma,sanjay.verma,@zfPEbOY1MPb
Sanjay,Reddy,sanjay.reddy,z(6pNcslbWiM
Priya,Reddy,priya.reddy,$1%OxGdeOcpF
Rahul,Reddy,rahul.reddy,e5UuRJxq@2HO
Rajesh,Sharma,rajesh.sharma,povaXizh@N63
Anjali,Singh,anjali.singh,@A_EDxZth5yK
Priya,Gupta,priya.gupta,%dk3Kab&Gj^6
Amit,Patel,amit.patel,TEb1Rcb1^4)9
Kavita,Gupta,kavita.gupta,41XOZDve(Yvq
Priya,Verma,priya.verma,AsjNc6Wtk48*
Rahul,Mehta,rahul.mehta,o93JOn#y!P$F
Rohit,Iyer,rohit.iyer,%oOe!51fRP2D
Anjali,Verma,anjali.verma,J0$i$AwX$41N
Anjali,Gupta,anjali.gupta,T*@Ga&ocr*5Q
Rajesh,Verma,rajesh.verma,SjBcv0CZ9Y_+
Rohit,Sharma,rohit.sharma,!7&GfUfdvnHN
Priya,Iyer,priya.iyer,#N4VstyTG8h)
Sanjay,Sharma,sanjay.sharma,Q)#b5GEfVa!+
Sunita,Chopra,sunita.chopra,GWnZFlk_h@6U
Sanjay,Verma,sanjay.verma,S%h)_AvvCJ#3
Sunita,Iyer,sunita.iyer,0p4JCHqpV*ZU
Anjali,Singh,anjali.singh,+HV$TeY%^67z
Priya,Iyer,priya.iyer,*6Ak9fKa&UED
Anjali,Gupta,anjali.gupta,@a7M0FFiAYmS
Priya,Gupta,priya.gupta,7r8BDP&bc&Yx
Rahul,Patel,rahul.patel,QjJtXePR)8VG
Anjali,Sharma,anjali.sharma,hhhWW@!2%0v8
Sunita,Mehta,sunita.mehta,b#Dkz)KY&X5V
Amit,Iyer,amit.iyer,y*_NVgxw58(5
Priya,Patel,priya.patel,*tZGmFqu1TUI
Sanjay,Nair,sanjay.nair,1)nJOwRru+1x
Rohit,Iyer,rohit.iyer,k&HrL4BPUdKk
Amit,Sharma,amit.sharma,&N2EgWPv+!4H
Priya,Nair,priya.nair,D!NVevs*5i6S
Priya,Singh,priya.singh,%LzEQl5u#2w*
Sunita,Gupta,sunita.gupta,TGRL0Dt+^v20
Kavita,Chopra,kavita.chopra,$zpo2Fd$C7nh
Rahul,Patel,rahul.patel,WpB4YWpOJ(yy
Rajesh,Mehta,rajesh.mehta,$S9CgrB!kUdT
Anjali,Verma,anjali.verma,(Heahlfc9pL@
Rahul,Iyer,rahul.iyer,v8j5pUyg$Xuw
Rohit,Reddy,rohit.reddy,+)PBs5BV&l3i
Kavita,Mehta,kavita.mehta,+3s9ExquZTH6
Priya,Mehta,priya.mehta,G6VzOmyg+c+w
Rahul,Reddy,rahul.reddy,6j6f$BoU$a(3
Priya,Sharma,priya.sharma,*5DVSaFca32q
Sunita,Reddy,sunita.reddy,a2P(lGcmfK_f
Priya,Chopra,priya.chopra,y6Vl+WgK@ca7
Anjali,Chopra,anjali.chopra,z_8xfY#wo2PJ
Sanjay,Nair,sanjay.nair,Alh1RKHh(tO7
Kavita,Chopra,kavita.chopra,@etl0MpL%l@^
Amit,Nair,amit.nair,7AalgdAB@wSo
Rohit,Reddy,rohit.reddy,&C&63Tam$Y_J
Anjali,Iyer,anjali.iyer,@Z6yYScM$9c1
Priya,Chopra,priya.chopra,_o#tAtuMBtp6
Rahul,Iyer,rahul.iyer,i6nCa!7h@5TC
Anjali,Chopra,anjali.chopra,*appMtoiD0JY
Deepak,Patel,deepak.patel,#jd8qRiyX6Fy
Sanjay,Mehta,sanjay.mehta,*UEdzagQ8g%1
Priya,Gupta,priya.gupta,Y5EdlDg_^!L+
Sanjay,Iyer,sanjay.iyer,7h8RLnBy!N8#
Priya,Reddy,priya.reddy,R2U#euvr$&YD
Sanjay,Verma,sanjay.verma,)3L7TriU(4k7
Amit,Patel,amit.patel,1&6cWMiR(DJR
Rohit,Patel,rohit.patel,He5iMZ0m&fsd
Kavita,Gupta,kavita.gupta,a1RzN7$xd_5G
Kavita,Singh,kavita.singh,dac0Aa$Cgx!2
Deepak,Sharma,deepak.sharma,CA0)oPlDRz69
Rajesh,Mehta,rajesh.mehta,Sx+e_Osc^ik8
Rohit,Singh,rohit.singh,RlCWH&UPJ&1U
Kavita,Singh,kavita.singh,J+2R6W5o+Ta6
Sanjay,Iyer,sanjay.iyer,)m8o6Sd&D2Xf
Rahul,Singh,rahul.singh,g!77FHDq*(75
Anjali,Gupta,anjali.gupta,#9CyPNWG0CGm
Sunita,Mehta,sunita.mehta,9F11v^lOa&JU
Rajesh,Singh,rajesh.singh,)tSdT2JuH1Qi
Amit,Singh,amit.singh,&3vn)NUcpTeS
Kavita,Patel,kavita.patel,!4OUanim$Oyu
Amit,Gupta,amit.gupta,!Q3IdeqhF8YU
Rohit,Reddy,rohit.reddy,_R1!EtQXeF)#
Rohit,Chopra,rohit.chopra,SU6gy0Wh@VRf
Amit,Reddy,amit.reddy,ty1VBOpdm$9K
Rajesh,Nair,rajesh.nair,eZ_7CuBbpt0Y
Rohit,Patel,rohit.patel,#ndi1Na!F%c8
Rahul,Mehta,rahul.mehta,rdH#TGMb7)6r
Rohit,Reddy,rohit.reddy,(1jSECrhDUTQ
Deepak,Gupta,deepak.gupta,po$%(RKu$)W0
Anjali,Nair,anjali.nair,ck)8zCZ7F%4b
Priya,Chopra,priya.chopra,#NAME?
Amit,Gupta,amit.gupta,uL+9gKXpaKWa
Sanjay,Nair,sanjay.nair,W*j9IOaT2NE)
Priya,Verma,priya.verma,_Zi5!ao)x8Oc
Kavita,Sharma,kavita.sharma,(2F5$s3&jES4
Sanjay,Mehta,sanjay.mehta,57q+)YUe$t9x
Deepak,Patel,deepak.patel,g2Qj$Cec!w07
Sanjay,Sharma,sanjay.sharma,^@7Anchy3zBp
Sunita,Verma,sunita.verma,&PE^7HLcGc10
Anjali,Nair,anjali.nair,MzMEzJcne(6T
Kavita,Chopra,kavita.chopra,(bQ+BAr^2c2K
Sunita,Iyer,sunita.iyer,z!hmIZ8duO5w
Rajesh,Patel,rajesh.patel,6HZjR6t+&17g
Amit,Singh,amit.singh,#4NAu8td$5Ku
Sanjay,Patel,sanjay.patel,*KK^c^Tujn7l
Kavita,Sharma,kavita.sharma,Ps+6PXS9k$2S
Sanjay,Nair,sanjay.nair,Ru3ZNjBbi$wo
Kavita,Gupta,kavita.gupta,crs$Q*W&k^!5
Sunita,Nair,sunita.nair,9T&wExcy@bXw
Sanjay,Mehta,sanjay.mehta,^uyK_CEaN#8Q
Rohit,Singh,rohit.singh,!Jq0FlYb26*I
Sunita,Mehta,sunita.mehta,k01JFo9t)jIl
Deepak,Iyer,deepak.iyer,)(*LLzocOx8M
Priya,Sharma,priya.sharma,5Z6ZHrbq!0pG
Rahul,Mehta,rahul.mehta,x35DVq)U+i_I
Amit,Reddy,amit.reddy,c6ZcgjEp%TK4
Rohit,Singh,rohit.singh,YXa9!y!r_JKf
Amit,Nair,amit.nair,@on_fT$z2VD3
Rahul,Iyer,rahul.iyer,i)A6GIp0Tr95
Sunita,Iyer,sunita.iyer,RzGWT%ed@x2S
Anjali,Iyer,anjali.iyer,^cZKB%t@6OVs
Sanjay,Patel,sanjay.patel,h6#aYzjckH3Y
Kavita,Gupta,kavita.gupta,@74hkKRrU_P(
Deepak,Iyer,deepak.iyer,%bf8CG@lRV^S
Amit,Iyer,amit.iyer,seEC2DIrj!#I
Rohit,Nair,rohit.nair,K#5^ZtUu_+Sm
Rahul,Mehta,rahul.mehta,$2P(ea7k6%JQ
Sanjay,Chopra,sanjay.chopra,@s^L%ut*v2UM
Kavita,Verma,kavita.verma,d@tDHYl(Eu0Q
Anjali,Gupta,anjali.gupta,0JxsNyoz%3P6
Rohit,Nair,rohit.nair,92U!9@zm4kWc
Anjali,Mehta,anjali.mehta,$Y(8y06BU3uE
Rahul,Sharma,rahul.sharma,%wcMzwX6i4YX
Deepak,Mehta,deepak.mehta,CADvCeHxp@s5
Priya,Chopra,priya.chopra,@NI^Y1LOs2$S
Amit,Verma,amit.verma,X5G!ahsG&ptf
Deepak,Verma,deepak.verma,&L*5fnlV_hUZ
Rohit,Patel,rohit.patel,61Nz+%)__I+Z
Rajesh,Patel,rajesh.patel,&h#XFink@OI2
Anjali,Chopra,anjali.chopra,*&i9NDeLK9cP
Sanjay,Reddy,sanjay.reddy,@CAjKdws70w7
Anjali,Mehta,anjali.mehta,ssv#UAq#t11P
Rohit,Verma,rohit.verma,dq+1REih!3y%
Rahul,Chopra,rahul.chopra,p_Ioznv$aE1^
Sanjay,Sharma,sanjay.sharma,!CUdWnO_l05d
Anjali,Singh,anjali.singh,ehV6xBG6+3)R
Sanjay,Chopra,sanjay.chopra,$j76ViL96)cE
Sanjay,Gupta,sanjay.gupta,Fb$Gzcw#)17@
Rajesh,Patel,rajesh.patel,u1h7mZOa^nIQ
Priya,Iyer,priya.iyer,^J6ED!)a^@g$
Deepak,Verma,deepak.verma,6f4OBV@saE%9
Rahul,Chopra,rahul.chopra,!N6HBbmOTC9b
Kavita,Reddy,kavita.reddy,sRbQ0Pg#(g^2
Rajesh,Iyer,rajesh.iyer,DL3Czc6p45(Z
Rahul,Iyer,rahul.iyer,(j$x!KLiW5+H
Amit,Reddy,amit.reddy,_p&xM3ZbWuI%
Rajesh,Mehta,rajesh.mehta,M7JKIs^Y*9C*
Rahul,Gupta,rahul.gupta,#Q#Vdcy0Z@7j
Rajesh,Patel,rajesh.patel,V1uDMvkm7v&%
Rajesh,Nair,rajesh.nair,ghH8XAf^X^6U
Sunita,Reddy,sunita.reddy,_5xpZJ66##ID
Rahul,Nair,rahul.nair,@178WqxiG_EX
Rajesh,Patel,rajesh.patel,*+ToHAj3S9p_
Sanjay,Nair,sanjay.nair,#f0%Rp6n+nQr
Priya,Reddy,priya.reddy,N@N8x4Yl(vk&
Rajesh,Sharma,rajesh.sharma,2la_ulcePk3C
Priya,Patel,priya.patel,$9cUB!Oc(Zl+
Kavita,Iyer,kavita.iyer,_iw1JTBqu%!s
Rahul,Reddy,rahul.reddy,BS2v0Jrp)I7h
Priya,Nair,priya.nair,G%sW$1yweStI
Kavita,Iyer,kavita.iyer,)6To8Dx9sS_D
Sanjay,Chopra,sanjay.chopra,^!ZSWjHPRf8X
Kavita,Nair,kavita.nair,B5$(2Tn*W&Qh
Kavita,Reddy,kavita.reddy,#7U(Yd2(^67W
Priya,Sharma,priya.sharma,^)5WitHK)QgL
Rajesh,Reddy,rajesh.reddy,VTn88_Mw%Om0
Deepak,Nair,deepak.nair,scMJYCyp%7E1
admin,admin,admin,Admin@123
test,user,testuser,testpass
